Moedas;Valores
Euro;1.0
Dolar;3.9231039760388833
BitCoin;0.000273
